{"mean": [0.6122738122940063, 0.5744296908378601, 0.4659986197948456], "std": [0.29605594277381897, 0.28585299849510193, 0.32341715693473816]}