{"mean": [0.6106898784637451, 0.5750174522399902, 0.46762099862098694], "std": [0.2956449091434479, 0.2859790325164795, 0.3240587115287781]}